-- Insert into PESSOA
INSERT INTO PESSOA (CPI, NOME, TIPO, SENHA, PLANETA_ORIGEM, DATA_NASCIMENTO, ESPECIE)
VALUES ('123.456.789-AB', 'Heitor', 'PASSAGEIRO', 'heitor-123-456', 'EARTH', '2000-09-12', 'HUMAN');
INSERT INTO PESSOA (CPI, NOME, TIPO, SENHA, PLANETA_ORIGEM, DATA_NASCIMENTO, ESPECIE)
VALUES ('123.456.789-YZ', 'Wall-e', 'PASSAGEIRO', 'password-robot-123', 'XKCD-II', '3023-10-11', 'ROBOT');
INSERT INTO PESSOA (CPI, NOME, TIPO, SENHA, PLANETA_ORIGEM, DATA_NASCIMENTO, ESPECIE)
VALUES ('123.456.789-AD', 'Johna Doe', 'PASSAGEIRO', 'password123', 'EARTH', '1980-01-01', 'HUMAN');
INSERT INTO PESSOA (CPI, NOME, TIPO, SENHA, PLANETA_ORIGEM, DATA_NASCIMENTO, ESPECIE)
VALUES ('123.456.789-AA', 'John Doe', 'FUNCIONARIO', 'password123', 'EARTH', '1980-01-01', 'HUMAN');
INSERT INTO PESSOA (CPI, NOME, TIPO, SENHA, PLANETA_ORIGEM, DATA_NASCIMENTO, ESPECIE)
VALUES ('222.222.222-AB', 'Beatriz', 'FUNCIONARIO', 'senha', 'EARTH', '2000-09-12', 'HUMAN');
INSERT INTO PESSOA (CPI, NOME, TIPO, SENHA, PLANETA_ORIGEM, DATA_NASCIMENTO, ESPECIE)
VALUES ('222.232.222-AB', 'Jorge', 'FUNCIONARIO', 'senha', 'EARTH', '2000-09-12', 'HUMAN');
INSERT INTO PESSOA (CPI, NOME, TIPO, SENHA, PLANETA_ORIGEM, DATA_NASCIMENTO, ESPECIE)
VALUES ('111.111.111-AA', 'Pedrinho', 'FUNCIONARIO', 'adminadmin123312', 'MARS', '2023-09-07', 'ALIEN');
INSERT INTO PESSOA (CPI, NOME, TIPO, SENHA, PLANETA_ORIGEM, DATA_NASCIMENTO, ESPECIE)
VALUES ('123.456.789-AC', 'Billy Joe', 'FUNCIONARIO', 'best-captain', 'EARTH', '1980-02-13', 'HUMAN');
INSERT INTO PESSOA (CPI, NOME, TIPO, SENHA, PLANETA_ORIGEM, DATA_NASCIMENTO, ESPECIE)
VALUES ('222.222.222-AC', 'João', 'PASSAGEIRO', 'senha', 'EARTH', '2000-09-12', 'HUMAN');
INSERT INTO PESSOA (CPI, NOME, TIPO, SENHA, PLANETA_ORIGEM, DATA_NASCIMENTO, ESPECIE)
VALUES ('222.232.222-AC', 'Maria', 'PASSAGEIRO', 'senha', 'EARTH', '2000-09-12', 'HUMAN');
INSERT INTO PESSOA (CPI, NOME, TIPO, SENHA, PLANETA_ORIGEM, DATA_NASCIMENTO, ESPECIE)
VALUES ('111.111.111-AC', 'José', 'PASSAGEIRO', 'senha', 'MARS', '2023-09-07', 'ALIEN');
INSERT INTO PESSOA (CPI, NOME, TIPO, SENHA, PLANETA_ORIGEM, DATA_NASCIMENTO, ESPECIE)
VALUES ('123.456.789-AD', 'Billy Joe', 'PASSAGEIRO', 'senha', 'EARTH', '1980-02-13', 'HUMAN');

-- Insert into PASSAGEIRO
INSERT INTO PASSAGEIRO (CPI)
VALUES ('123.456.789-AB');
INSERT INTO PASSAGEIRO (CPI)
VALUES ('123.456.789-YZ');
INSERT INTO PASSAGEIRO (CPI)
VALUES ('123.456.789-AD');
INSERT INTO PASSAGEIRO (CPI)
VALUES ('222.222.222-AC');
INSERT INTO PASSAGEIRO (CPI)
VALUES ('222.232.222-AC');
INSERT INTO PASSAGEIRO (CPI)
VALUES ('111.111.111-AC');

-- Insert into RESTRICOES_ALIMENTARES
INSERT INTO RESTRICOES_ALIMENTARES (CPI, RESTRICAO)
VALUES ('123.456.789-AB', 'GLUTEN');
INSERT INTO RESTRICOES_ALIMENTARES (CPI, RESTRICAO)
VALUES ('123.456.789-YZ', 'LACTOSE');
INSERT INTO RESTRICOES_ALIMENTARES (CPI, RESTRICAO)
VALUES ('123.456.789-YZ', 'GATOS');
INSERT INTO RESTRICOES_ALIMENTARES (CPI, RESTRICAO)
VALUES ('123.456.789-AD', 'GLUTEN');
INSERT INTO RESTRICOES_ALIMENTARES (CPI, RESTRICAO)
VALUES ('123.456.789-AD', 'LACTOSE');

-- Insert into FUNCIONARIO
INSERT INTO FUNCIONARIO (CPI, NUM_FUNCIONAL, CARGO, SALARIO)
VALUES ('123.456.789-AB', '123456789', 'COMUM', 5000.00);
INSERT INTO FUNCIONARIO (CPI, NUM_FUNCIONAL, CARGO, SALARIO)
VALUES ('222.222.222-AB', '123456780', 'COMUM', 10000.00);
INSERT INTO FUNCIONARIO (CPI, NUM_FUNCIONAL, CARGO, SALARIO)
VALUES ('222.232.222-AB', '123456782', 'COMUM', 1000.00);
INSERT INTO FUNCIONARIO (CPI, NUM_FUNCIONAL, CARGO, SALARIO)
VALUES ('111.111.111-AA', '111111111', 'CAPITAO', 51000.00);
INSERT INTO FUNCIONARIO (CPI, NUM_FUNCIONAL, CARGO, SALARIO)
VALUES ('123.456.789-AC', '222222222', 'COMISSARIO', 10000.00);

-- Insert into COMUM
INSERT INTO COMUM (CPI, PROFISSAO_ESP, TURNO)
VALUES ('123.456.789-AB', 'ENGINEER', 'MANHA');
INSERT INTO COMUM (CPI, PROFISSAO_ESP, TURNO)
VALUES ('222.222.222-AB', 'ENGINEER', 'TARDE');
INSERT INTO COMUM (CPI, PROFISSAO_ESP, TURNO)
VALUES ('222.232.222-AB', 'ENGINEER', 'NOITE');

-- Insert into CAPITAO
INSERT INTO CAPITAO (CPI, FORMACAO, LICENCA)
VALUES ('111.111.111-AA', 'AERONAUTICS', 'A');

-- Insert into COMISSARIO
INSERT INTO COMISSARIO (CPI, CAPACITACAO)
VALUES ('123.456.789-AC', 'FIRST AID');

-- Insert into MODELO_NAVE
INSERT INTO MODELO_NAVE (NOME, TAMANHO, TRIPULANTES_NECESSARIOS, CAPACIDADE_CARGA, CAPACIDADE_COMBUSTIVEL, TIPO_COMBUSTIVEL)
VALUES ('MODEL X', 'GRANDE', 5, 10000, 5000, 'FUSION');
INSERT INTO MODELO_NAVE (NOME, TAMANHO, TRIPULANTES_NECESSARIOS, CAPACIDADE_CARGA, CAPACIDADE_COMBUSTIVEL, TIPO_COMBUSTIVEL)
VALUES ('MODEL X2', 'MEDIO', 3, 5000, 4000, 'GAS');
INSERT INTO MODELO_NAVE (NOME, TAMANHO, TRIPULANTES_NECESSARIOS, CAPACIDADE_CARGA, CAPACIDADE_COMBUSTIVEL, TIPO_COMBUSTIVEL)
VALUES ('MODEL X3', 'PEQUENO', 2, 2000, 3000, 'FUSION');
INSERT INTO MODELO_NAVE (NOME, TAMANHO, TRIPULANTES_NECESSARIOS, CAPACIDADE_CARGA, CAPACIDADE_COMBUSTIVEL, TIPO_COMBUSTIVEL)
VALUES ('MODEL X4', 'PEQUENO', 2, 2000, 3000, 'FUSION');
INSERT INTO MODELO_NAVE (NOME, TAMANHO, TRIPULANTES_NECESSARIOS, CAPACIDADE_CARGA, CAPACIDADE_COMBUSTIVEL, TIPO_COMBUSTIVEL)
VALUES ('MODEL X5', 'PEQUENO', 2, 2000, 3000, 'FUSION');
INSERT INTO MODELO_NAVE (NOME, TAMANHO, TRIPULANTES_NECESSARIOS, CAPACIDADE_CARGA, CAPACIDADE_COMBUSTIVEL, TIPO_COMBUSTIVEL)
VALUES ('MODEL X6', 'GRANDE', 6, 20000, 10000, 'GAS');

-- Insert into LICENCAS_PERMITIDAS
INSERT INTO LICENCAS_PERMITIDAS (NOME_MODELO, LICENCA)
VALUES ('MODEL X', 'A');
INSERT INTO LICENCAS_PERMITIDAS (NOME_MODELO, LICENCA)
VALUES ('MODEL X2', 'B');
INSERT INTO LICENCAS_PERMITIDAS (NOME_MODELO, LICENCA)
VALUES ('MODEL X3', 'C');
INSERT INTO LICENCAS_PERMITIDAS (NOME_MODELO, LICENCA)
VALUES ('MODEL X4', 'A');
INSERT INTO LICENCAS_PERMITIDAS (NOME_MODELO, LICENCA)
VALUES ('MODEL X4', 'C');
INSERT INTO LICENCAS_PERMITIDAS (NOME_MODELO, LICENCA)
VALUES ('MODEL X5', 'A');
INSERT INTO LICENCAS_PERMITIDAS (NOME_MODELO, LICENCA)
VALUES ('MODEL X5', 'B');
INSERT INTO LICENCAS_PERMITIDAS (NOME_MODELO, LICENCA)
VALUES ('MODEL X6', 'A');

-- Insert into NAVE
INSERT INTO NAVE (NUMERO_SERIE, MODELO_NAVE)
VALUES ('N1234567', 'MODEL X');
INSERT INTO NAVE (NUMERO_SERIE, MODELO_NAVE)
VALUES ('N0000001', 'MODEL X2');
INSERT INTO NAVE (NUMERO_SERIE, MODELO_NAVE)
VALUES ('N0000020', 'MODEL X');
INSERT INTO NAVE (NUMERO_SERIE, MODELO_NAVE)
VALUES ('N0000030', 'MODEL X2');
INSERT INTO NAVE (NUMERO_SERIE, MODELO_NAVE)
VALUES ('N1020302', 'MODEL X3');
INSERT INTO NAVE (NUMERO_SERIE, MODELO_NAVE)
VALUES ('N1112413', 'MODEL X4');

-- Insert into QUARTO
INSERT INTO QUARTO (MODELO_NAVE, NUMERO, VAGAS)
VALUES ('MODEL X', 1, 2);
INSERT INTO QUARTO (MODELO_NAVE, NUMERO, VAGAS)
VALUES ('MODEL X', 2, 3);
INSERT INTO QUARTO (MODELO_NAVE, NUMERO, VAGAS)
VALUES ('MODEL X', 3, 3);
INSERT INTO QUARTO (MODELO_NAVE, NUMERO, VAGAS)
VALUES ('MODEL X', 11, 2);
INSERT INTO QUARTO (MODELO_NAVE, NUMERO, VAGAS)
VALUES ('MODEL X', 12, 3);
INSERT INTO QUARTO (MODELO_NAVE, NUMERO, VAGAS)
VALUES ('MODEL X', 13, 3);
INSERT INTO QUARTO (MODELO_NAVE, NUMERO, VAGAS)
VALUES ('MODEL X2', 1, 3);
INSERT INTO QUARTO (MODELO_NAVE, NUMERO, VAGAS)
VALUES ('MODEL X2', 3, 5);
INSERT INTO QUARTO (MODELO_NAVE, NUMERO, VAGAS)
VALUES ('MODEL X2', 4, 5);
INSERT INTO QUARTO (MODELO_NAVE, NUMERO, VAGAS)
VALUES ('MODEL X2', 5, 5);
INSERT INTO QUARTO (MODELO_NAVE, NUMERO, VAGAS)
VALUES ('MODEL X2', 6, 5);
INSERT INTO QUARTO (MODELO_NAVE, NUMERO, VAGAS)
VALUES ('MODEL X3', 1, 1);
INSERT INTO QUARTO (MODELO_NAVE, NUMERO, VAGAS)
VALUES ('MODEL X3', 2, 1);
INSERT INTO QUARTO (MODELO_NAVE, NUMERO, VAGAS)
VALUES ('MODEL X3', 3, 3);

-- Insert into ITINERARIO
INSERT INTO ITINERARIO (NOME, ROTA)
VALUES ('EARTH TO MARS', 'EARTH, MARS');
INSERT INTO ITINERARIO (NOME, ROTA)
VALUES ('EARTH TO MERCURY', 'EARTH, MERCURY');
INSERT INTO ITINERARIO (NOME, ROTA)
VALUES ('EARTH TO JUPITER', 'EARTH, JUPITER');

-- Insert into VIAGEM
INSERT INTO VIAGEM (NAVE, DATA, CPI_CAPITAO, ITINERARIO, DURACAO)
VALUES ('N1234567', '2022-01-01', '111.111.111-AA', 'EARTH TO MARS', INTERVAL '03:00' HOUR TO MINUTE);
INSERT INTO VIAGEM (NAVE, DATA, CPI_CAPITAO, ITINERARIO, DURACAO)
VALUES ('N0000030', '2023-01-01', '111.111.111-AA', 'EARTH TO MARS', INTERVAL '05:00' HOUR TO MINUTE);
INSERT INTO VIAGEM (NAVE, DATA, CPI_CAPITAO, ITINERARIO, DURACAO)
VALUES ('N0000030', '2024-11-11', '111.111.111-AA', 'EARTH TO MERCURY', INTERVAL '51:00' HOUR TO MINUTE);
INSERT INTO VIAGEM (NAVE, DATA, CPI_CAPITAO, ITINERARIO, DURACAO)
VALUES ('N0000030', '2025-11-11', '111.111.111-AA', 'EARTH TO JUPITER', INTERVAL '151:00' HOUR TO MINUTE);

-- Insert into QUARTO_RESERVA
INSERT INTO QUARTO_RESERVA (NAVE_VIAGEM, DATA_VIAGEM, MODELO_NAVE_QUARTO, NUMERO_QUARTO, VALOR)
VALUES ('N1234567', '2022-01-01', 'MODEL X', 1, 5000.00); -- ID: 1
INSERT INTO QUARTO_RESERVA (NAVE_VIAGEM, DATA_VIAGEM, MODELO_NAVE_QUARTO, NUMERO_QUARTO, VALOR)
VALUES ('N1234567', '2022-01-01', 'MODEL X', 11, 8000.00); -- ID: 2
INSERT INTO QUARTO_RESERVA (NAVE_VIAGEM, DATA_VIAGEM, MODELO_NAVE_QUARTO, NUMERO_QUARTO, VALOR)
VALUES ('N1234567', '2022-01-01', 'MODEL X', 12, 4500.00); -- ID: 3
INSERT INTO QUARTO_RESERVA (NAVE_VIAGEM, DATA_VIAGEM, MODELO_NAVE_QUARTO, NUMERO_QUARTO, VALOR)
VALUES ('N1234567', '2022-01-01', 'MODEL X', 13, 5200.00); -- ID: 4
INSERT INTO QUARTO_RESERVA (NAVE_VIAGEM, DATA_VIAGEM, MODELO_NAVE_QUARTO, NUMERO_QUARTO, VALOR)
VALUES ('N1234567', '2022-01-01', 'MODEL X', 3, 8500.00); -- ID: 5
INSERT INTO QUARTO_RESERVA (NAVE_VIAGEM, DATA_VIAGEM, MODELO_NAVE_QUARTO, NUMERO_QUARTO, VALOR)
VALUES ('N0000030', '2023-01-01', 'MODEL X', 1, 5000.00); -- ID: 6
INSERT INTO QUARTO_RESERVA (NAVE_VIAGEM, DATA_VIAGEM, MODELO_NAVE_QUARTO, NUMERO_QUARTO, VALOR)
VALUES ('N0000030', '2025-11-11', 'MODEL X', 1, 5000.00); -- ID: 7
INSERT INTO QUARTO_RESERVA (NAVE_VIAGEM, DATA_VIAGEM, MODELO_NAVE_QUARTO, NUMERO_QUARTO, VALOR)
VALUES ('N0000030', '2025-11-11', 'MODEL X', 2, 7000.00); -- ID: 8


-- Insert into RESERVAS
INSERT INTO RESERVAS (QUARTO_RESERVA, PESSOA)
VALUES (1, '123.456.789-AB');
INSERT INTO RESERVAS (QUARTO_RESERVA, PESSOA)
VALUES (2, '123.456.789-AB');
INSERT INTO RESERVAS (QUARTO_RESERVA, PESSOA)
VALUES (3, '123.456.789-YZ');
INSERT INTO RESERVAS (QUARTO_RESERVA, PESSOA)
VALUES (4, '123.456.789-YZ');

-- Insert into HOSPEDAGEM
INSERT INTO HOSPEDAGEM (QUARTO_RESERVA, PASSAGEIRO)
VALUES (1, '123.456.789-AB');
INSERT INTO HOSPEDAGEM (QUARTO_RESERVA, PASSAGEIRO)
VALUES (1, '123.456.789-YZ');
INSERT INTO HOSPEDAGEM (QUARTO_RESERVA, PASSAGEIRO)
VALUES (6, '123.456.789-AB');

-- Insert into PARADA
INSERT INTO PARADA (NOME, TIPO)
VALUES ('EARTH', 'PLANETA');
INSERT INTO PARADA (NOME, TIPO)
VALUES ('MARS', 'PLANETA');
INSERT INTO PARADA (NOME, TIPO)
VALUES ('MERCURY', 'PLANETA');
INSERT INTO PARADA (NOME, TIPO)
VALUES ('JUPITER', 'PLANETA');

-- Insert into PARADAS_ITINERARIO
INSERT INTO PARADAS_ITINERARIO (NOME_ITINERARIO, NOME_PARADA, ORDEM, DURACAO)
VALUES ('EARTH TO MARS', 'EARTH', 1, '01:00:00');
INSERT INTO PARADAS_ITINERARIO (NOME_ITINERARIO, NOME_PARADA, ORDEM, DURACAO)
VALUES ('EARTH TO MARS', 'MERCURY', 2, '02:00:00');
INSERT INTO PARADAS_ITINERARIO (NOME_ITINERARIO, NOME_PARADA, ORDEM, DURACAO)
VALUES ('EARTH TO MARS', 'MARS', 3, '01:00:00');

-- Insert into ESTRELA
INSERT INTO ESTRELA (NOME, GALAXIA, CATEGORIA)
VALUES ('SUN', 'MILKY WAY', 'GIGANTE VERMELHA');
INSERT INTO ESTRELA (NOME, GALAXIA, CATEGORIA)
VALUES ('SIRIUS', 'MILKY WAY', 'GIGANTE AZUL');
INSERT INTO ESTRELA (NOME, GALAXIA, CATEGORIA)
VALUES ('ALPHA CENTAURI', 'MILKY WAY', 'GIGANTE VERMELHA');

-- Insert into PLANETA
INSERT INTO PLANETA (NOME, GOVERNO, NOME_ESTRELA, NOME_GALAXIA)
VALUES ('EARTH', 'REPUBLICA', 'SUN', 'MILKY WAY');
INSERT INTO PLANETA (NOME, GOVERNO, NOME_ESTRELA, NOME_GALAXIA)
VALUES ('MARS', 'REPUBLICA', 'SUN', 'MILKY WAY');
INSERT INTO PLANETA (NOME, GOVERNO, NOME_ESTRELA, NOME_GALAXIA)
VALUES ('MERCURY', 'REPUBLICA', 'SUN', 'MILKY WAY');
INSERT INTO PLANETA (NOME, GOVERNO, NOME_ESTRELA, NOME_GALAXIA)
VALUES ('JUPITER', 'MONARQUIA', 'SUN', 'MILKY WAY');

-- Insert into PONTO_PARADA
INSERT INTO PONTO_PARADA (NOME, PLANETA)
VALUES ('EARTH', 'EARTH');
INSERT INTO PONTO_PARADA (NOME, PLANETA)
VALUES ('MARS', 'MARS');
INSERT INTO PONTO_PARADA (NOME, PLANETA)
VALUES ('POSTO', 'MERCURY');
INSERT INTO PONTO_PARADA (NOME, PLANETA)
VALUES ('MERCURY', 'MERCURY');
INSERT INTO PONTO_PARADA (NOME, PLANETA)
VALUES ('JUPITER', 'JUPITER');

-- Insert into CARACTERISTICAS_PONTO_PARADA
INSERT INTO CARACTERISTICAS_PONTO_PARADA (NOME_PONTO, CARACTERISTICA)
VALUES ('EARTH', 'SAFE');
INSERT INTO CARACTERISTICAS_PONTO_PARADA (NOME_PONTO, CARACTERISTICA)
VALUES ('EARTH', 'HABITABLE');
INSERT INTO CARACTERISTICAS_PONTO_PARADA (NOME_PONTO, CARACTERISTICA)
VALUES ('MARS', 'SAFE');
INSERT INTO CARACTERISTICAS_PONTO_PARADA (NOME_PONTO, CARACTERISTICA)
VALUES ('MARS', 'HABITABLE');
INSERT INTO CARACTERISTICAS_PONTO_PARADA (NOME_PONTO, CARACTERISTICA)
VALUES ('POSTO', 'SAFE');
INSERT INTO CARACTERISTICAS_PONTO_PARADA (NOME_PONTO, CARACTERISTICA)
VALUES ('POSTO', 'HAVE_FUEL');

-- Insert into PRODUTOS
INSERT INTO PRODUTOS (COD_BARRAS, NOME, VALOR)
VALUES ('1 123456 123456', 'SPACE FOOD', 10.0);
INSERT INTO PRODUTOS (COD_BARRAS, NOME, VALOR)
VALUES ('1 123456 123457', 'SPACE WATER', 5.0);

-- Insert into PRODUTOS_ITINERARIO
INSERT INTO PRODUTOS_ITINERARIO (NOME_ITINERARIO, COD_BARRAS_PRODUTO)
VALUES ('EARTH TO MARS', '1 123456 123456');
INSERT INTO PRODUTOS_ITINERARIO (NOME_ITINERARIO, COD_BARRAS_PRODUTO)
VALUES ('EARTH TO JUPITER', '1 123456 123457');

-- Insert into COMPRA
INSERT INTO COMPRA (QUARTO_RESERVA, COD_BARRAS, QUANTIDADE)
VALUES (1, '1 123456 123456', 10);
INSERT INTO COMPRA (QUARTO_RESERVA, COD_BARRAS, QUANTIDADE)
VALUES (1, '1 123456 123457', 12);

-- Insert into SERVICOS
INSERT INTO SERVICOS (COD_BARRAS, NOME, VALOR)
VALUES ('1 123456 123456', 'CLEANING', 20.0);

-- Insert into SERVICOS_ITINERARIO
INSERT INTO SERVICOS_ITINERARIO (NOME_ITINERARIO, COD_BARRAS_SERVICO)
VALUES ('EARTH TO MARS', '1 123456 123456');

-- Insert into SERVICO_PRESTADO
INSERT INTO SERVICO_PRESTADO (FUNCIONARIO_COMUM, HORARIO, COD_SERVICO, DURACAO)
VALUES ('123.456.789-AB', '08:00:00', '1 123456 123456', '00:30:00');

-- Insert into CONTRATACAO_SERVICO
INSERT INTO CONTRATACAO_SERVICO (QUARTO_RESERVA, FUNCIONARIO, HORARIO)
VALUES (1, '123.456.789-AB', '08:00:00');